,Title,Citations,Date,Summary,Subfield,Topic,Doi,Open Acess,OA Url,Journal,WashU Proxy Server:
0,Photoelectron imaging of negative ions,132,2008-01-01,"This article provides an overview of some of the recent advances in the rapidly growing field of negative-ion photoelectron imaging spectroscopy. Setting the work that spans several projects in the authors’ laboratory in broader context, three types of measurements are described. First are the ‘static’ (one-photon) photoelectron imaging experiments that aim to characterize the electronic structure and photodetachment dynamics of negative ions, providing ‘signatures’ of the bound electron orbitals. The experimental results are presented alongside a conceptual symmetry-based description of the photodetachment processes, enabling a qualitative interpretation of the photoelectron images. Second, the effects of solvation on the electronic structure and photodetachment dynamics are examined using photoelectron imaging of cluster anions. Third, the time-resolved experiments that target imaging of bond dissociation, as viewed from the electronic perspective along the time-resolved reaction coordinate, are described in the context of dual centre interference in molecular-anion photodetachment.","Surfaces, Coatings and Films",Electron and X-Ray Spectroscopy Techniques,https://doi.org/10.1080/01442350701786512,False,,International Reviews in Physical Chemistry,https://libproxy.wustl.edu/login?url=https://doi.org/10.1080/01442350701786512
1,Probing the Electronic Structure of Small Molecular Anions by Photoelectron Imaging,96,2003-06-07,"We outline the methodology of negative-ion photoelectron imaging and general aspects of interpretation of the results using the CS2- and S2- anions as model systems. The CS2- images are recorded using 800, 530, 400, and 267 nm photons. The observed transitions result in the formation of CS2 in the X 1Σg+, a 3B2, b 3A2, and A 1A2 states. The S2- measurements are carried out at the same wavelengths with the exception of 800 nm. The resulting images reveal the detachment transitions assigned to the X 3Σg-, a 1Δg, b 1Σg+, c 1Σu-, and A‘ 3Δu states of the neutral. The choice of detachment wavelengths serves as a “zoom” selectively focusing on chosen transitions, in some cases allowing the observation of their vibrational structure. The photoelectron spectra and angular distributions obtained from the images are used to discuss the electronic structure and detachment dynamics. In particular, two approaches to interpreting the angular distributions are discussed. One method employs the Cooper−Zare central-potential model adapted to the molecular case. It considers an expansion of the parent orbital in the basis of single-center atomic-orbital functions, for which the partial waves comprising the ejected electron are determined. The application of this model to molecular anions is straightforward, if the parent molecular orbital resembles an atomic orbital, which is the case for S2-, but not CS2-. In the latter case, a different qualitative approach is proposed, which (i) relies upon the electric-dipole approximation and group theory for the determination of the detached electron wave function symmetry, (ii) restricts the analysis to symmetry (electric dipole) allowed s and p partial waves, and (iii) qualitatively treats the orientation averaging by considering only a few “principal” molecular orientations. The results provide a foundation for the qualitative interpretation of anion photoelectron images.","Atomic and Molecular Physics, and Optics",Advanced Chemical Physics Studies,https://doi.org/10.1021/jp027838o,False,,The Journal of Physical Chemistry A,https://libproxy.wustl.edu/login?url=https://doi.org/10.1021/jp027838o
2,Photoelectron imaging: an experimental window into electronic structure,85,2009-01-01,"Photoelectron imaging is finding increasingly widespread use in probing electronic structure and chemical dynamics. In this tutorial review, two benchmark systems, H(-) and I(-), are used to introduce essential concepts linking photoelectron images of negative ions with parent electronic structure. For pedagogical reasons, a qualitative approach based upon spectroscopic selection rules is emphasized in interpreting the images. This approach is extended to molecular systems, highlighting that even qualitative interpretation of results can lead to significant chemical insights.","Atomic and Molecular Physics, and Optics",Advanced Chemical Physics Studies,https://doi.org/10.1039/b815748k,False,,Chemical Society Reviews,https://libproxy.wustl.edu/login?url=https://doi.org/10.1039/b815748k
3,"Evolution of absorption, fluorescence, laser and chemical properties in the series of compounds perylene, benzo(ghi)perylene and coronene",65,2001-11-01,No abstract available.,Physical and Theoretical Chemistry,Photochemistry and Electron Transfer Studies,https://doi.org/10.1016/s1386-1425(01)00457-7,False,,Spectrochimica Acta Part A: Molecular and Biomolecular Spectroscopy,https://libproxy.wustl.edu/login?url=https://doi.org/10.1016/s1386-1425(01)00457-7
4,Same but Different: Dipole-Stabilized Shape Resonances in CuF<sup>–</sup> and AgF<sup>–</sup>,62,2015-06-29,"Electron attachment to closed-shell molecules is a gateway to various important processes in the gas and condensed phases. The properties of an electron-attached state, such as its energy and lifetime as well as the character of the molecular orbital to which the electron is attached, determine the fate of the anion. In this experimental and theoretical study of copper and silver fluoride anions, we introduce a new type of metastable anionic state. Abrupt changes in photoelectron angular distributions point to the existence of autodetaching states. Equation-of-motion coupled-cluster singles and doubles calculations augmented by a complex absorbing potential identify some of these states as Σ and Π dipole-stabilized resonances, a new type of shape resonance. In addition, these molecules support valence and dipole-bound states and a Σ resonance of charge-transfer character. By featuring five different types of anionic states, they provide a vehicle for studying fundamental properties of anions and for validating new theoretical approaches for metastable states.","Atomic and Molecular Physics, and Optics",Advanced Chemical Physics Studies,https://doi.org/10.1021/acs.jpclett.5b01174,True,https://pubs.acs.org/doi/pdf/10.1021/acs.jpclett.5b01174,The Journal of Physical Chemistry Letters,https://libproxy.wustl.edu/login?url=https://doi.org/10.1021/acs.jpclett.5b01174
5,Photoelectron imaging of negative ions: atomic anions to molecular clusters,50,2003-01-01,"The negative ion photoelectron imaging technique is illustrated using two relatively simple atomic and molecular anion systems, and then applied to the study of a cluster system. Photoelectron images of I- and CS2- at 267 nm and 800 nm respectively are presented. Photoelectron spectra and angular distributions are obtained from the images and the concepts underlying these and their interpretation are outlined. The imaging technique is then applied to (CS2)n - (n = 2-4) cluster anions, for which 400 nm images are presented. Features of these images are highlighted and discussed with reference to solvation effects and structural properties of the cluster anionic moiety. Photoelectron signatures of different forms of the cluster core are discussed. These core structures are anionic monomer units solvated by the remaining n - 1 CS2 molecules or covalent dimer units solvated by the remaining n - 2 molecules. Images of the n = 2 anion at 400, 530 and 800 nm reveal information about the electron detachment processes within the different cluster types and both direct detachment and autodetachment are seen. The direct transitions are seen from clusters with either core type, while autodetachment is only seen from clusters with the covalent dimer core. The imaging work also reveals evidence of a previously unreported electronic transition within the direct detachment band due to the covalently bound core type.","Surfaces, Coatings and Films",Electron and X-Ray Spectroscopy Techniques,https://doi.org/10.1039/b300103b,False,,The Analyst,https://libproxy.wustl.edu/login?url=https://doi.org/10.1039/b300103b
6,Photoelectron anisotropy and channel branching ratios in the detachment of solvated iodide cluster anions,43,2005-01-14,"Photoelectron spectra and angular distributions in 267 nm detachment of the I(-)Ar, I(-)H(2)O, I(-)CH(3)I, and I(-)CH(3)CN cluster anions are examined in comparison with bare I(-) using velocity-map photoelectron imaging. In all cases, features are observed that correlate to two channels producing either I((2)P(3/2)) or I((2)P(1/2)). In the photodetachment of I(-) and I(-)Ar, the branching ratios of the (2)P(1/2) and (2)P(3/2) channels are observed to be approximately 0.4, in both cases falling short of the statistical ratio of 0.5. For I(-)H(2)O and I(-)CH(3)I, the (2)P(1/2) to (2)P(3/2) branching ratios are greater by a factor of 1.6 compared to the bare iodide case. The relative enhancement of the (2)P(1/2) channel is attributed to dipole effects on the final-state continuum wave function in the presence of polar solvents. For I(-)CH(3)CN the (2)P(1/2) to (2)P(3/2) ratio falls again, most likely due to the proximity of the detachment threshold in the excited spin-orbit channel. The photoelectron angular distributions in the photodetachment of I(-), I(-)Ar, I(-)H(2)O, and I(-)CH(3)CN are understood within the framework of direct detachment from I(-). Hence, the corresponding anisotropy parameters are modeled using variants of the Cooper-Zare central-potential model for atomic-anion photodetachment. In contrast, I(-)CH(3)I yields nearly isotropic photoelectron angular distributions in both detachment channels. The implications of this anomalous behavior are discussed with reference to alternative mechanisms, affording the solvent molecule an active role in the electron ejection process.","Atomic and Molecular Physics, and Optics",Advanced Chemical Physics Studies,https://doi.org/10.1063/1.1839861,True,https://pubs.aip.org/aip/jcp/article-pdf/doi/10.1063/1.1839861/10874797/054308_1_online.pdf,The Journal of Chemical Physics,https://libproxy.wustl.edu/login?url=https://doi.org/10.1063/1.1839861
7,Effects of solvation and core switching on the photoelectron angular distributions from (CO2)n− and (CO2)n−⋅H2O,40,2004-03-04,"Photoelectron images are recorded in the photodetachment of two series of cluster anions, (CO(2))(n)(-), n=4-9 and (CO(2))(n)(-).H(2)O, n=2-7, with linearly polarized 400 nm light. The energetics of the observed photodetachment bands compare well with previous studies, showing evidence for switching between two anionic core structures: The CO(2)(-) monomer and covalent (CO(2))(2)(-) dimer anions. The systematic study of photoelectron angular distributions (PADs) sheds light on the electronic structure of the different core anions and indicates that solvation by several CO(2) molecules and/or one water molecule has only moderate effect on the excess-electron orbitals. The observed PAD character is reconciled with the symmetry properties of the parent molecular orbitals. The most intriguing result concerns the PADs showing remarkable similarities between the monomer and dimer anion cluster-core types. This observation is explained by treating the highest-occupied molecular orbital of the covalent dimer anion as a linear combination of two spatially separated monomeric orbitals.","Atomic and Molecular Physics, and Optics",Advanced Chemical Physics Studies,https://doi.org/10.1063/1.1647535,False,,The Journal of Chemical Physics,https://libproxy.wustl.edu/login?url=https://doi.org/10.1063/1.1647535
8,Influence of weak and strong donor groups on the fluorescence parameters and the intersystem crossing rate constant,37,2003-01-17,No abstract available.,Physical and Theoretical Chemistry,Photochemistry and Electron Transfer Studies,https://doi.org/10.1016/s1386-1425(02)00207-x,False,,Spectrochimica Acta Part A: Molecular and Biomolecular Spectroscopy,https://libproxy.wustl.edu/login?url=https://doi.org/10.1016/s1386-1425(02)00207-x
9,The influence of molecular symmetry and topological factors on the internal heavy atom effect in aromatic and heteroaromatic compounds,37,2001-06-01,No abstract available.,Physical and Theoretical Chemistry,Photochemistry and Electron Transfer Studies,https://doi.org/10.1016/s1386-1425(00)00488-1,False,,Spectrochimica Acta Part A: Molecular and Biomolecular Spectroscopy,https://libproxy.wustl.edu/login?url=https://doi.org/10.1016/s1386-1425(00)00488-1
10,Vibronic coupling in the superoxide anion: The vibrational dependence of the photoelectron angular distribution,33,2010-11-03,"We present a comprehensive photoelectron imaging study of the O(2)(X (3)Σ(g)(-),v(')=0-6)←O(2)(-)(X (2)Π(g),v("")=0) and O(2)(a (1)Δ(g),v(')=0-4)←O(2)(-)(X (2)Π(g),v("")=0) photodetachment bands at wavelengths between 900 and 455 nm, examining the effect of vibronic coupling on the photoelectron angular distribution (PAD). This work extends the v(')=1-4 data for detachment into the ground electronic state, presented in a recent communication [R. Mabbs, F. Mbaiwa, J. Wei, M. Van Duzor, S. T. Gibson, S. J. Cavanagh, and B. R. Lewis, Phys. Rev. A 82, 011401(R) (2010)]. Measured vibronic intensities are compared to Franck-Condon predictions and used as supporting evidence of vibronic coupling. The results are analyzed within the context of the one-electron, zero core contribution (ZCC) model [R. M. Stehman and S. B. Woo, Phys. Rev. A 23, 2866 (1981)]. For both bands, the photoelectron anisotropy parameter variation with electron kinetic energy, β(E), displays the characteristics of photodetachment from a d-like orbital, consistent with the π(g)(∗) 2p highest occupied molecular orbital of O(2)(-). However, differences exist between the β(E) trends for detachment into different vibrational levels of the X (3)Σ(g)(-) and a (1)Δ(g) electronic states of O(2). The ZCC model invokes vibrational channel specific ""detachment orbitals"" and attributes this behavior to coupling of the electronic and nuclear motion in the parent anion. The spatial extent of the model detachment orbital is dependent on the final state of O(2): the higher the neutral vibrational excitation, the larger the electron binding energy. Although vibronic coupling is ignored in most theoretical treatments of PADs in the direct photodetachment of molecular anions, the present findings clearly show that it can be important. These results represent a benchmark data set for a relatively simple system, upon which to base rigorous tests of more sophisticated models.","Atomic and Molecular Physics, and Optics",Advanced Chemical Physics Studies,https://doi.org/10.1063/1.3493349,False,,The Journal of Chemical Physics,https://libproxy.wustl.edu/login?url=https://doi.org/10.1063/1.3493349
11,The effect of the dipole bound state on AgF− vibrationally resolved photodetachment cross sections and photoelectron angular distributions,32,2014-10-16,"The first photoelectron spectra of AgF(-) are recorded over the energy range 1.61-1.85 eV using the velocity map imaging technique. The resolved vibrational structure of the AgF X', v' ← AgF(-) X″, v″ = 0 band yields an AgF electron affinity of 1.46 ± 0.01 eV and vibrational frequency of 500 ± 40 cm(-1). For the v' = 2, 3, 4 channels, the photodetachment cross sections and angular distributions undergo rapid changes over a narrow electron kinetic energy range in the region of 50 meV (approximately 13 meV below the opening of the next vibrational channel). This is consistent with Fano-like behavior indicating autodetachment following excitation to a resonant anion state lying in the detachment continuum. EOM-CCSD calculations reveal this to be a dipole bound state. The consistency of the detachment data with the vibrational autodetachment propensity rule Δv = -1 shows that the autodetachment results from breakdown of the Born-Oppenheimer approximation, coupling the vibrational and electronic degrees of freedom.","Atomic and Molecular Physics, and Optics",Advanced Chemical Physics Studies,https://doi.org/10.1063/1.4897650,False,,The Journal of Chemical Physics,https://libproxy.wustl.edu/login?url=https://doi.org/10.1063/1.4897650
12,Photoelectron Imaging of Hydrated Carbon Dioxide Cluster Anions,29,2005-04-29,"The effects of homogeneous and heterogeneous solvation on the electronic structure and photodetachment dynamics of hydrated carbon dioxide cluster anions are investigated using negative-ion photoelectron imaging spectroscopy. The experiments are conducted on mass-selected [(CO(2))(n)()(H(2)O)(m)()](-) cluster anions with n and m ranging up to 12 and 6, respectively, for selected clusters. Homogeneous solvation in (CO(2))(n)()(-) has minimal effect on the photoelectron angular distributions, despite dimer-to-monomer anion core switching. Heterogeneous hydration, on the other hand, is found to have the marked effect of decreasing the photodetachment anisotropy. For example, in the [CO(2)(H(2)O)(m)()](-) cluster anion series, the photoelectron anisotropy parameter falls to essentially zero with as few as 5-6 water molecules. The analysis of the data, supported by theoretical modeling, reveals that in the ground electronic state of the hydrated clusters the excess electron is localized on CO(2), corresponding to a (CO(2))(n)()(-).(H(2)O)(m)() configuration for all cluster anions studied. The diminishing anisotropy in the photoelectron images of hydrated cluster anions is proposed to be attributable to photoinduced charge transfer to solvent, creating transient (CO(2))(n)().(H(2)O)(m)()(-) states that subsequently decay via autodetachment.","Atomic and Molecular Physics, and Optics",Advanced Chemical Physics Studies,https://doi.org/10.1021/jp050061p,False,,The Journal of Physical Chemistry A,https://libproxy.wustl.edu/login?url=https://doi.org/10.1021/jp050061p
13,Time-resolved imaging of the reaction coordinate,29,2005-04-29,"Time-resolved photoelectron imaging of negative ions is employed to study the dynamics along the reaction coordinate in the photodissociation of IBr(-). The results are discussed in a side-by-side comparison with the dissociation of I(2) (-), examined under similar experimental conditions. The I(2) (-) anion, extensively studied in the past, is used as a reference system for interpreting the IBr(-) results. The data provide rigorous dynamical tests of the anion electronic potentials. The evolution of the energetics revealed in the time-resolved (780 nm pump, 390 nm probe) I(2) (-) and IBr(-) photoelectron images is compared to the predictions of classical trajectory calculations, with the time-resolved photoelectron spectra modeled assuming a variety of neutral states accessed in the photodetachment. In light of good overall agreement of the experimental data with the theoretical predictions, the results are used to construct an experimental image of the IBr(-) dissociation potential as a function of the reaction coordinate.","Atomic and Molecular Physics, and Optics",Advanced Chemical Physics Studies,https://doi.org/10.1063/1.1887170,False,,The Journal of Chemical Physics,https://libproxy.wustl.edu/login?url=https://doi.org/10.1063/1.1887170
14,Direct and Indirect Detachment in the Iodide−Pyrrole Cluster Anion: The Role of Dipole Bound and Neutral Cluster States,28,2009-11-20,"Photoelectron imaging probes both molecular electronic structure and electron molecule interactions. In the current work images were recorded for detachment from the I(-) x C(4)H(5)N (I(-) x pyrrole) cluster anion at wavelengths between 360 and 260 nm. The direct detachment spectra show strong similarities to those of I(-), although a strong solvent shift, broadening and some structure is observed. A nondirect, dissociative or autodetachment feature is also observed over a range of wavelengths. Ab initio calculations identify several local minima associated with neutral and anion isomers. Energy and Franck-Condon arguments are used to assess the role of these in the detachment process. The cluster anion structure is essentially an I(-) atomic anion in the presence of a neutral pyrrole molecule. The spectral structure arises due to interactions in the open shell neutral cluster residue resulting from detachment. The indirect detachment feature arises through the formation of an intermediate dipole bound cluster anion state which subsequently dissociates. The energy dependence of this channel (observed over a 0.6 eV range of photon energies) is discussed in terms of the wide amplitude motions associated with the van der Waals modes of the cluster anions.",Spectroscopy,Molecular Spectroscopy and Structure,https://doi.org/10.1021/jp9085798,False,,The Journal of Physical Chemistry A,https://libproxy.wustl.edu/login?url=https://doi.org/10.1021/jp9085798
15,Dynamic molecular interferometer: Probe of inversion symmetry in I2− photodissociation,27,2005-08-01,"Time-resolved photoelectron imaging of negative ions is employed to examine 780-nm dissociation dynamics of I2(-), emphasizing the effects of interference in time-resolved photoelectron angular distributions obtained with 390-nm probe. No energetic changes are observed after about 700 fs, but the evolution of the photoelectron anisotropy persists for up to 2.5 ps, indicating that the electronic wave function of the dissociating anion continues to evolve long after the asymptotic energetic limit of the reaction has been effectively reached. The time scale of the anisotropy variation corresponds to a fragment separation of the same order of magnitude as the de Broglie wavelength of the emitted electrons (lambda=35 A). These findings are interpreted by considering the effect of I2(-) inversion symmetry and viewing the dissociating anion as a dynamic molecular-scale ""interferometer,"" with the electron waves emitted from two separating centers. The predictions of the model are in agreement with the present experiment and shed new light on previously published results [A. V. Davis, R. Wester, A. E. Bragg, and D. M. Neumark, J. Chem. Phys. 118, 999 (2003)].","Atomic and Molecular Physics, and Optics",Advanced Chemical Physics Studies,https://doi.org/10.1063/1.1997131,False,,The Journal of Chemical Physics,https://libproxy.wustl.edu/login?url=https://doi.org/10.1063/1.1997131
16,"Observation of vibration-dependent electron anisotropy in<mml:math xmlns:mml=""http://www.w3.org/1998/Math/MathML"" display=""inline""><mml:mrow><mml:msubsup><mml:mi mathvariant=""normal"">O</mml:mi><mml:mrow><mml:mn>2</mml:mn></mml:mrow><mml:mrow><mml:mo>−</mml:mo></mml:mrow></mml:msubsup></mml:mrow></mml:math>photodetachment",24,2010-07-02,"Photoelectron angular distributions (PADs) recorded for the ${\mathrm{O}}_{2}$($X$ ${}^{3}{\ensuremath{\Sigma}}_{g}^{\ensuremath{-}}$) $\ensuremath{\leftarrow}$ ${\mathrm{O}}_{2}^{\ensuremath{-}}$($X$ ${}^{2}$${\ensuremath{\Pi}}_{g}$) band show significant vibrational dependence. Experimental evidence of vibrational influence on the PAD has, to date, been sparse. Consequently, little attention has been paid to vibrational effects in the consideration of direct detachment processes by recent theoretical treatments. The results presented here demonstrate the sensitivity of the PAD to vibronic coupling in the anion ground electronic state, a phenomenon which is usually neglected in direct molecular anion photodetachment. These results provide the essential data for the evaluation and refinement of existing theoretical models.","Atomic and Molecular Physics, and Optics",Advanced Chemical Physics Studies,https://doi.org/10.1103/physreva.82.011401,False,,Physical Review A,https://libproxy.wustl.edu/login?url=https://doi.org/10.1103/physreva.82.011401
17,"Fluorescence and laser properties of D2-, C2- and D3 symmetry series oligophenylenes",23,2003-04-01,No abstract available.,Physical and Theoretical Chemistry,Photochemistry and Electron Transfer Studies,https://doi.org/10.1016/s1386-1425(02)00329-3,False,,Spectrochimica Acta Part A: Molecular and Biomolecular Spectroscopy,https://libproxy.wustl.edu/login?url=https://doi.org/10.1016/s1386-1425(02)00329-3
18,An experimental manifestation of distinct electronic–structural properties of covalent dimer anions of CO2 and CS2,22,2003-10-27,No abstract available.,"Atomic and Molecular Physics, and Optics",Advanced Chemical Physics Studies,https://doi.org/10.1016/j.cplett.2003.09.146,False,,Chemical Physics Letters,https://libproxy.wustl.edu/login?url=https://doi.org/10.1016/j.cplett.2003.09.146
19,Spectroscopy of temporary anion states: Renner–Teller coupling and electronic autodetachment in copper difluoride anion,19,2019-01-01,"Photoelectron angular distributions determined in small energy increments between 3.522 and 3.650 eV reveal distinctly different detachment mechanisms within the CuF<sub>2</sub><sup>-</sup>(X <sup>1</sup>Σ) → linear CuF<sub>2</sub>(X <sup>2</sup>Σ) + e<sup>-</sup> band. Certain channels also display non-Franck-Condon behaviour, the action spectra of which reveal rich structure. The behaviour reflects excitation to an electronically unbound anion state (at the linear geometry). The effects of the intermediate state are observed in the detachment behaviour at photon energies down to the X <sup>1</sup>Σ→ X <sup>2</sup>Σ threshold. Adiabatic CAP-EOM-CCSD (equation of motion coupled cluster singles and doubles, including a complex absorbing potential) energy curves are presented along the bending coordinate, showing the complexity of anion and neutral states for this system. The photodetachment action spectra represent a spectroscopic probe of the vibronic state energies in the vertical excitation region and highlight the need for treatment of vibronic coupling in systems involving the loss of an electron.","Atomic and Molecular Physics, and Optics",Advanced Chemical Physics Studies,https://doi.org/10.1039/c8fd00224j,False,,Faraday Discussions,https://libproxy.wustl.edu/login?url=https://doi.org/10.1039/c8fd00224j
20,Threshold effects in I−⋅CH3CN and I−⋅H2O cluster anion detachment: The angular distribution as an indicator of electronic autodetachment,18,2010-04-06,"I(-) x H(2)O and I(-) x CH(3)CN cluster anion photodetachment properties (photoelectron spectra and angular distributions) are recorded via velocity mapped photoelectron imaging for wavelengths between 270 and 340 nm, in small energy increments. These are compared with free I(-) detachment results and reveal the presence of a sharp change in the angular distribution for the (2)P(3/2) spin orbit channel in the vicinity of the (2)P(1/2) threshold. The effect is seen at this threshold in the I(-) x H(2)O cluster anion and just below threshold for I(-) x CH(3)CN. The effect is attributed to an electronic autodetachment process, which is dependent on electronic energy transfer mediated by the electron-neutral complex produced in the excitation process. These results highlight the potential of cluster anion detachment as a probe of electron-molecule interactions and in particular the sensitivity of the angular distributions to intracluster electron transfer processes.","Atomic and Molecular Physics, and Optics",Advanced Chemical Physics Studies,https://doi.org/10.1063/1.3380664,False,,The Journal of Chemical Physics,https://libproxy.wustl.edu/login?url=https://doi.org/10.1063/1.3380664
21,"The dependence of the fluorescence properties, laser properties and photochemical stability of aromatic compounds on the molecular symmetry",18,2000-10-01,No abstract available.,Physical and Theoretical Chemistry,Photochemistry and Electron Transfer Studies,https://doi.org/10.1016/s1386-1425(00)00277-8,False,,Spectrochimica Acta Part A: Molecular and Biomolecular Spectroscopy,https://libproxy.wustl.edu/login?url=https://doi.org/10.1016/s1386-1425(00)00277-8
22,Time-resolved electron detachment imaging of the I− channel in I2Br− photodissociation,18,2004-06-16,"The evolution of the I(-) channel in I(2)Br(-) photodissociation is examined using time-resolved negative-ion photoelectron imaging spectroscopy. The 388 nm photodetachment images obtained at variable delays following 388 nm excitation reveal the transformation of the excess electron from that belonging to an excited trihalide anion to that occupying an atomic orbital localized on the I(-) fragment. With increasing pump-probe delay, the corresponding photoelectron band narrows on a approximately 300 fs time scale. This trend is attributed to the localization of the excess-electron wave function on the atomic-anion fragment and the establishment of the fragment's electronic identity. The corresponding band position drifts towards larger electron kinetic energies on a significantly longer, approximately 1 ps, time scale. The gradual spectral shift is attributed to exit-channel interactions affecting the photodetachment energetics, as well as the photoelectron anisotropy. The time-resolved angular distributions are analyzed and found consistent with the formation of the asymptotic I(-) fragment.",Spectroscopy,Mass Spectrometry Techniques and Applications,https://doi.org/10.1063/1.1756869,False,,The Journal of Chemical Physics,https://libproxy.wustl.edu/login?url=https://doi.org/10.1063/1.1756869
23,Vibrationally mediated photodissociation of H2O2 (4vOH): rotational state dependent photodissociation cross sections and vibrational state mixing,17,1993-03-01,No abstract available.,Spectroscopy,Spectroscopy and Laser Applications,https://doi.org/10.1016/0009-2614(93)89201-r,False,,Chemical Physics Letters,https://libproxy.wustl.edu/login?url=https://doi.org/10.1016/0009-2614(93)89201-r
24,Photoelectron Imaging as a Quantum Chemistry Visualization Tool,15,2011-08-05,"An overview and simple example of photoelectron imaging is presented, highlighting its efficacy as a pedagogical tool for visualizing quantum phenomena. Specifically, photoelectron imaging of H– (the simplest negative ion) is used to demonstrate several quantum mechanical principles. This example could be incorporated into an introductory quantum chemistry course to extend the traditional discussion of the photoelectric effect and photoelectron spectroscopy into the area of matter waves. In working through this example, several core quantum-mechanical topics and concepts have been explored, such as conservation of angular momentum, the transition dipole moment, components of the hydrogenic orbitals, the Born interpretation of the wave function, and the theory of quantum measurement.","Atomic and Molecular Physics, and Optics",Laser-Matter Interactions and Applications,https://doi.org/10.1021/ed100177h,False,,Journal of Chemical Education,https://libproxy.wustl.edu/login?url=https://doi.org/10.1021/ed100177h
25,The effect of intracluster photoelectron interactions on the angular distribution in I−⋅CH3I photodetachment,14,2009-11-23,"I(-) and I(-)*CH(3)I velocity mapped photodetachment images are recorded over wavelengths between 270 and 370 nm. Spectral similarities, in conjunction with ab initio calculations show that the cluster anion comprises an atomic iodide anion moiety solvated by a relatively unperturbed CH(3)I molecule. Between 340-370 nm and at 280 nm, free I(-) is produced via a process analogous to dissociative electron attachment within the cluster anion. More strikingly, the photoelectron angular distribution for each species at a given electron kinetic energy is very different, despite detachment occurring from the iodide 5p orbital in each case. These observations reveal the effect of interaction of the photoelectron with the neutral cluster residue and are discussed in terms of resonances associated primarily with the CH(3)I molecule.","Atomic and Molecular Physics, and Optics",Advanced Chemical Physics Studies,https://doi.org/10.1063/1.3266936,False,,The Journal of Chemical Physics,https://libproxy.wustl.edu/login?url=https://doi.org/10.1063/1.3266936
26,Inter-channel effects in monosolvated atomic iodide cluster anion detachment: Correlation of the anisotropy parameter with solvent dipole moment,13,2012-03-15,"Photoelectron imaging results are presented for I(-)[middle dot]X cluster anions (X = CO(2), C(4)H(5)N [pyrrole], (CH(3))(2)CO, CH(3)NO(2)). The available detachment channels are labeled according to the neutral iodine atom states produced (channel I ≡ (2)P(3/2) and channel II ≡ (2)P(1/2)). At photon energies in the vicinity of the channel II threshold these data are compared to previously reported results for I(-)[middle dot]X (X = CH(3)CN, CH(3)Cl, CH(3)Br, and H(2)O). In particular, these results show a strong connection between the dipole moment of the solvent molecule and the behavior of the channel I photoelectron angular distributions in this region, which is consistent with an electronic autodetachment process. The evolution of the channel II:channel I branching ratios in this excitation regime supports this contention.","Atomic and Molecular Physics, and Optics",Advanced Chemical Physics Studies,https://doi.org/10.1063/1.3694244,False,,The Journal of Chemical Physics,https://libproxy.wustl.edu/login?url=https://doi.org/10.1063/1.3694244
27,"I − ⋅ CH 3 X  (X=Cl,Br,I) photodetachment: The effect of electron-molecule interactions in cluster anion photodetachment spectra and angular distributions",13,2010-10-08,"The electron kinetic energy dependence of the photoelectron spectra and angular distributions of I(-)⋅CH(3)X (X=Cl,Br,I) cluster anions are measured via velocity mapped imaging at wavelengths between 350 and 270 nm. Processes analogous to those encountered in free CH(3)X-electron interactions are revealed. In particular, the presence and energies of resonances associated with a low lying σ(∗) state have a marked effect on the results of I(-)⋅CH(3)X photoexcitation. These effects (vibrational excitation, product anion production, and alteration of the photoelectron angular distribution) are far more prominent for I(-)⋅CH(3)I. However, in the vicinity of the (2)P(1/2) threshold there is a sharp deviation in the (2)P(3/2) channel angular distribution and an enhancement of the (2)P(3/2) channel vibrational structure of all three cluster anions. These latter effects are specific to the cluster anion environment through the relaxation of the partner excited I atom and subsequent electronic autodetachment.","Atomic and Molecular Physics, and Optics",Advanced Chemical Physics Studies,https://doi.org/10.1063/1.3487739,False,,The Journal of Chemical Physics,https://libproxy.wustl.edu/login?url=https://doi.org/10.1063/1.3487739
28,Luminescence-laser classification of heteroaromatic and aromatic compounds,13,2002-01-01,No abstract available.,Physical and Theoretical Chemistry,Photochemistry and Electron Transfer Studies,https://doi.org/10.1016/s1386-1425(01)00544-3,False,,Spectrochimica Acta Part A: Molecular and Biomolecular Spectroscopy,https://libproxy.wustl.edu/login?url=https://doi.org/10.1016/s1386-1425(01)00544-3
29,Channel branching ratios in CH2CN− photodetachment: Rotational structure and vibrational energy redistribution in autodetachment,9,2017-12-20,"We report photoelectron spectra of CH<sub>2</sub>CN<sup>-</sup>, recorded at photon energies between 13 460 and 15 384 cm<sup>-1</sup>, which show rapid intensity variations in particular detachment channels. The branching ratios for various spectral features reveal rotational structure associated with autodetachment from an intermediate anion state. Calculations using equation-of-motion coupled-cluster method with single and double excitations reveal the presence of two dipole-bound excited anion states (a singlet and a triplet). The computed oscillator strength for the transition to the singlet dipole-bound state provides an estimate of the autodetachment channel contribution to the total photoelectron yield. Analysis of the different spectral features allows identification of the dipole-bound and neutral vibrational levels involved in the autodetachment processes. For the most part, the autodetachment channels are consistent with the vibrational propensity rule and normal mode expectation. However, examination of the rotational structure shows that autodetachment from the ν<sub>3</sub> (v = 1 and v = 2) levels of the dipole-bound state displays behavior counter to the normal mode expectation with the final state vibrational level belonging to a different mode.","Atomic and Molecular Physics, and Optics",Advanced Chemical Physics Studies,https://doi.org/10.1063/1.5001475,False,,The Journal of Chemical Physics,https://libproxy.wustl.edu/login?url=https://doi.org/10.1063/1.5001475
30,Comprehensive study of solar conditions in Mozambique: the effect of trade winds on solar components,9,2003-04-25,No abstract available.,Artificial Intelligence,Solar Radiation and Photovoltaics,https://doi.org/10.1016/s0960-1481(03)00038-7,False,,Renewable Energy,https://libproxy.wustl.edu/login?url=https://doi.org/10.1016/s0960-1481(03)00038-7
31,Role of the Electron–Dipole Interaction in Photodetachment Angular Distributions,8,2021-10-08,"The importance of including long-range electron-molecule interactions in treatments of photodetachment and/or photoionization is demonstrated. A combined experimental and computational study of CN<sup>-</sup> detachment is presented in which near threshold anisotropy parameters (β) are measured via photoelectron imaging. Calculated β values, based on an EOM-IP-CCSD/aug-cc-pVTZ Dyson orbital, are obtained using free-particle and point dipole models. The results demonstrate the influence of the molecular dipole moment in the detachment process and provide an explanation of the recently reported near threshold behavior of the overall photodetachment cross section in CN<sup>-</sup> detachment.","Atomic and Molecular Physics, and Optics",Advanced Chemical Physics Studies,https://doi.org/10.1021/acs.jpclett.1c02882,False,,The Journal of Physical Chemistry Letters,https://libproxy.wustl.edu/login?url=https://doi.org/10.1021/acs.jpclett.1c02882
32,"Photochromism, anomalous multi-banded fluorescence and laser properties of some amino- and tosyl-amino derivatives of oxadiazole",8,2006-02-22,"The multi-banded fluorescence and laser properties of 11 new amino- and tosylamino derivatives of 2,5-di(phenyl)-1,3,4-oxadiazole and oxadiazole in various solvents at 293 K are reported. All the compounds investigated possess intra-molecular hydrogen quasi-bond (IHB) of 4.6-5.2 kcal mol(-1) in the ground state. In the excited state they can undergo protolytic dissociation or intra-molecular photon-initiated transfer of proton and reveal anomalous fluorescence which cannot be explained within the framework of the Kasha and Kasha-Vavilov rules. Depending upon the excitation wavelength, solvent, concentration and pH of the medium, the compounds studied show a single, double, triple or even a four-banded fluorescence, which has not been reported earlier. The nature of multi-banded fluorescence is explained in terms of the possible photochromic processes in excited states. Quantum yields and decay times of the different fluorescence bands are reported. Anomalous dependence of quantum yield upon concentration of the solution is observed. Laser properties of the compounds studied are carefully tested. Laser action based on the fluorescence of the so-called bi-radical molecules is reported. Various possible arrangements of singlet and triplet levels of compounds investigated are discussed.",Physical and Theoretical Chemistry,Photochemistry and Electron Transfer Studies,https://doi.org/10.1016/j.saa.2005.10.031,False,,Spectrochimica Acta Part A: Molecular and Biomolecular Spectroscopy,https://libproxy.wustl.edu/login?url=https://doi.org/10.1016/j.saa.2005.10.031
33,Characterization of the vibrational properties of copper difluoride anion and neutral ground states via direct and indirect photodetachment spectroscopy,7,2018-08-23,"Photoelectron spectra of <sup>63</sup>CuF<sub>2</sub><sup>-</sup> are reported at wavelengths 310 nm, 346.6 nm, and 350.1 nm, obtained via velocity map imaging. The photoelectron angular distributions allow for the unambiguous assignment of a <sup>2</sup>Σ<sub>g</sub><sup>+</sup> neutral CuF<sub>2</sub> ground state. Vibrational analysis of the direct detachment transitions in the spectra enables accurate determination of the anion and neutral bond length difference (0.073 Å), adiabatic electron affinity of CuF<sub>2</sub> (3.494 eV) and symmetric stretching (500 cm<sup>-1</sup>, anion, and 630 cm<sup>-1</sup>, neutral) and antisymmetric stretching (610 cm<sup>-1</sup>, anion, and 782 cm<sup>-1</sup> neutral) frequencies of the ground electronic states. Strongly photon energy dependent intensities are also observed for select transitions. Equation-of-motion coupled-cluster singles and doubles calculations augmented by a complex absorbing potential reveal a metastable <sup>1</sup>Π<sub>g</sub> anion state which is optically accessible due to Renner-Teller coupling. Mediation of the detachment process by this state allows measurement of the bending frequencies (177 cm<sup>-1</sup>, anion, and 200 cm<sup>-1</sup>, neutral) completing the inventory of experimentally measured vibrational properties of the ground electronic states.",Inorganic Chemistry,Inorganic Fluorides and Related Compounds,https://doi.org/10.1063/1.5040122,False,,The Journal of Chemical Physics,https://libproxy.wustl.edu/login?url=https://doi.org/10.1063/1.5040122
34,Intra-cluster photoelectron interactions: Scattering and dissociative attachment in halide-methyl halide cluster anions,7,2009-11-01,Comparison of photodetachment images of I-·CH3I with those of I- and I-·CH3Cl over a range of wavelengths reveals generally similar spectral features but a strikingly different evolution of the photoelectron angular distributions. These measurements reveal the effect of intracluster electron scattering and in particular the influence of a vibrational Feshbach resonance on the angular distributions of the I-·CH3I photodetachment.,"Atomic and Molecular Physics, and Optics",Advanced Chemical Physics Studies,https://doi.org/10.1088/1742-6596/194/1/012051,True,https://iopscience.iop.org/article/10.1088/1742-6596/194/1/012051/pdf,Journal of Physics: Conference Series,https://libproxy.wustl.edu/login?url=https://doi.org/10.1088/1742-6596/194/1/012051
35,Photodetachment and photodissociation of the linear OCuO<sup>−</sup>molecular anion: energy and time dependence of Cu<sup>−</sup>production,6,2013-10-02,"A photodissociative study of CuO2(-) is presented using a combination of energy and time domain photoelectron spectroscopy. Ion source conditions are used that solely produce linear OCuO(-). Photodissociation of this isomer to produce Cu(-) + O2 is conclusively demonstrated at wavelengths between 765 and 340 nm. Nanosecond pulsed photoexcitation at wavelengths shorter than 340 nm produces single photon detachment transitions from the first excited state of CuO2(-). At longer wavelengths narrow Cu(-) fragment transitions are observed as a result of a sequential two photon process. In addition, the longer wavelengths produce a weak, broad two photon dependent signal, the result of detachment of the dissociating linear isomer. Time resolved pump-probe measurements reveal a long timescale growth (up to 150 ps) of the Cu(-) fragment yield, consistent with the unfavorable starting geometry for the dissociative process and indicating a potential energy surface which has one or more substantial barriers to dissociation.",Materials Chemistry,Copper-based nanomaterials and applications,https://doi.org/10.1039/c3cp52986j,False,,Phys. Chem. Chem. Phys.,https://libproxy.wustl.edu/login?url=https://doi.org/10.1039/c3cp52986j
36,I−·(CH3I)2 photoexcitation: The influence of dipole bound states on detachment and fragmentation,4,2011-06-01,"We present the results of a photoelectron imaging study of the I(-)·(CH(3)I)(2) cluster anion over excitation wavelengths 355-260 nm. The resulting spectra and photoelectron angular distributions (PADs) suggest extensive electron-molecule interaction following photoexcitation. Fragmentation channels are observed subsequent to excitation between 355 and 330 nm. The origin of these features, which begin 200 meV and peak 70 meV below the X band direct detachment threshold, is described in terms of a predissociative dipole bound state. The nature of the fragments detected and the energetics of the channel opening argue strongly in favor of an asymmetric, head to tail cluster anion geometry posited by Dessent et al. [Acc. Chem. Res. 31, 527 (1998)]. Above the direct detachment threshold, PADs display evidence of phenomena akin to electron-molecule scattering. The fragment anions disappear above the X band threshold but reappear some distance below the second (A) direct detachment band. At these energies there is also rapid variation of the X band PAD, an observation attributed to autodetachment via spin-orbit relaxation of the iodine core of the cluster.","Atomic and Molecular Physics, and Optics",Advanced Chemical Physics Studies,https://doi.org/10.1063/1.3594177,False,,The Journal of Chemical Physics,https://libproxy.wustl.edu/login?url=https://doi.org/10.1063/1.3594177
37,Near threshold Cl−·CH3I photodetachment: Apparent 2P1/2 channel suppression and enhanced 2P3/2 channel vibrational excitation,4,2011-05-13,"Cl(-)·CH(3)I cluster anion photoelectron images are recorded over a range of detachment wavelengths in the immediate post threshold region. The photoelectron spectral features fall into two categories. A number of weak, photon energy dependent transitions are observed and attributed to atomic anion fragmentation products. Several more intense, higher electron binding energy transitions result from single photon cluster anion detachment. Comparison with I(-)·CH(3)I suggests that the detachment process is more complicated for Cl(-)·CH(3)I. The single photon transition spacing is consistent with CH(3)I ν(3) mode excitation, but the two distinct vibronic bands of I(-)·CH(3)I detachment are not easily distinguished in the Cl(-)·CH(3)I spectra. Similarly, while the spectral intensities for both cluster anions show non-Franck Condon behavior, the level of vibrational excitation appears greater for Cl(-)·CH(3)I detachment. These observations are discussed in terms of low lying electronic states of CH(3)I along the C-I coordinate, and the influence of the CH(3)I moiety on the neutral halogen atom states.","Atomic and Molecular Physics, and Optics",Advanced Chemical Physics Studies,https://doi.org/10.1063/1.3583812,False,,The Journal of Chemical Physics,https://libproxy.wustl.edu/login?url=https://doi.org/10.1063/1.3583812
38,The overlooked role of excited anion states in NiO2− photodetachment,4,2024-01-23,"Photodetachment spectra of anionic species provide significant insights into the energies and nature of ground and excited states of both the anion and resultant neutral molecules. Direct detachment of the excess electron to the continuum may occur via formally allowed or forbidden transitions (perhaps as the result of intensity borrowing through vibronic coupling). However, alternate indirect pathways are also possible and often overlooked. Here, we report a two-dimensional photoelectron spectral study, combined with correlated electronic structure calculations, to elucidate the nature of photodetachment from NiO2-. The spectra are comprised of allowed and forbidden transitions, in excellent agreement with previously reported slow electron velocity mapped imaging spectra of the same system, which were interpreted in terms of direct detachment. In the current work, the contributions of indirect processes are revealed. Measured oscillations in the branching ratios of the spectral channels clearly indicate non-direct detachment processes, and the electronic structure calculations suggest that excited states of the appropriate symmetry and degeneracy lie slightly above the neutral ground state. Taken together, the results suggest that the origin of the observed forbidden transitions is the result of anion excited states mediating the electron detachment process.",Physical and Theoretical Chemistry,Photochemistry and Electron Transfer Studies,https://doi.org/10.1063/5.0188066,False,,The Journal of Chemical Physics,https://libproxy.wustl.edu/login?url=https://doi.org/10.1063/5.0188066
39,Photoelectron Angular Distributions as Probes of Cluster Anion Structure: I<sup>–</sup>·(H<sub>2</sub>O)<sub>2</sub> and I<sup>–</sup>·(CH<sub>3</sub>CN)<sub>2</sub>,4,2014-01-13,"The use of photoelectron angular distributions to provide structural details of cluster environments is investigated. Photoelectron spectra and angular distributions of I(-)·(H2O)2 and I(-)·(CH3CN)2 cluster anions are recorded over a range of photon energies. The anisotropy parameter (β) for electrons undergoes a sharp change (Δβmax) at photon energies close to a detachment channel threshold. I(-)·(H2O)2 results show the relationship between dipole moment and Δβmax to be similar to that observed in monosolvated I(-) detachment. The Δβmax of the 4.0 eV band in the I(-)·(CH3CN)2 photoelectron spectrum suggests a dipole moment of 5-6 D. This is consistent with predictions of a hydrogen bonded conformer of the I(-)·(CH3CN)2 cluster anion [Timerghazin, Q. K.; Nguyen, T. N.; Peslherbe, G. H. J. Chem. Phys. 2002, 116, 6867-6870].",Inorganic Chemistry,Inorganic Fluorides and Related Compounds,https://doi.org/10.1021/jp4104596,False,,The Journal of Physical Chemistry A,https://libproxy.wustl.edu/login?url=https://doi.org/10.1021/jp4104596
40,Dipole effects in the photoelectron angular distributions of the sulfur monoxide anion,3,2022-01-01,"Photoelectron angular distributions (PADs) in SO<sup>-</sup> photodetachment using linearly polarized 355 nm (3.49 eV), 532 nm (2.33 eV), and 611 nm (2.03 eV) light were investigated <i>via</i> photoelectron imaging spectroscopy. The measurements at 532 and 611 nm access the X<sup>3</sup>Σ<sup>-</sup> and a<sup>1</sup>Δ electronic states of SO, whereas the measurements at 355 nm also access the b<sup>1</sup>Σ<sup>+</sup> state. In aggregate, the photoelectron anisotropy parameter values follow the general trend with respect to electron kinetic energy (eKE) expected for π*-orbital photodetachment. The trend is similar to O<sub>2</sub><sup>-</sup>, but the minimum of the SO<sup>-</sup> curve is shifted to smaller eKE. This shift is mainly attributed to the exit-channel interactions of the departing electron with the dipole moment of the neutral SO core, rather than the differing shapes of the SO<sup>-</sup> and O<sub>2</sub><sup>-</sup> molecular orbitals. Of the several <i>ab initio</i> models considered, two approaches yield good agreement with the experiment: one representing the departing electron as a superposition of eigenfunctions of a point dipole-field Hamiltonian, and another describing the outgoing electron in terms of Coulomb waves originating from two separated charge centers, with a partial positive charge on the sulfur and an equal negative charge on the oxygen. These fundamentally related approaches support the conclusion that electron-dipole interactions in the exit channel of SO<sup>-</sup> photodetachment play an important role in shaping the PADs. While a similar conclusion was previously reached for photodetachment from σ orbitals of CN<sup>-</sup> (Hart, Lyle, Spellberg, Krylov, Mabbs, <i>J. Phys. Chem. Lett.</i>, 2021, <b>12</b>, 10086-10092), the present work includes the first extension of the dipole-field model to detachment from π* orbitals.","Atomic and Molecular Physics, and Optics",Advanced Chemical Physics Studies,https://doi.org/10.1039/d2cp03337b,False,,Physical Chemistry Chemical Physics,https://libproxy.wustl.edu/login?url=https://doi.org/10.1039/d2cp03337b
41,Photoelectron Imaging of Anions Illustrated by 310 Nm Detachment of F&lt;sup&gt;&amp;#8722;&lt;/sup&gt;,2,2018-07-27,"Anion photoelectron imaging is a very efficient method for the study of energy states of bound negative ions, neutral species and interactions of unbound electrons with neutral molecules/atoms. State-of-the-art in vacuo anion generation techniques allow application to a broad range of atomic, molecular, and cluster anion systems. These are separated and selected using time-of-flight mass spectrometry. Electrons are removed by linearly polarized photons (photo detachment) using table-top laser sources which provide ready access to excitation energies from the infra-red to the near ultraviolet. Detecting the photoelectrons with a velocity mapped imaging lens and position sensitive detector means that, in principle, every photoelectron reaches the detector and the detection efficiency is uniform for all kinetic energies. Photoelectron spectra extracted from the images via mathematical reconstruction using an inverse Abel transformation reveal details of the anion internal energy state distribution and the resultant neutral energy states. At low electron kinetic energy, typical resolution is sufficient to reveal energy level differences on the order of a few millielectron-volts, i.e., different vibrational levels for molecular species or spin-orbit splitting in atoms. Photoelectron angular distributions extracted from the inverse Abel transformation represent the signatures of the bound electron orbital, allowing more detailed probing of electronic structure. The spectra and angular distributions also encode details of the interactions between the outgoing electron and the residual neutral species subsequent to excitation. The technique is illustrated by the application to an atomic anion (F<sup>-</sup>), but it can also be applied to the measurement of molecular anion spectroscopy, the study of low lying anion resonances (as an alternative to scattering experiments) and femtosecond (fs) time resolved studies of the dynamic evolution of anions.","Atomic and Molecular Physics, and Optics",Atomic and Molecular Physics,https://doi.org/10.3791/57989,True,https://www.jove.com/pdf/57989/photoelectron-imaging-of-anions-illustrated-by-310-nm-detachment-of-f,Journal of Visualized Experiments,https://libproxy.wustl.edu/login?url=https://doi.org/10.3791/57989
42,Observation of vibration-dependent electron anisotropy in O− photodetachment,1,2010-01-01,No abstract available.,Biomedical Engineering,Photocathodes and Microchannel Plates,,False,,,https://libproxy.wustl.edu/login?url=None
43,Intra-cluster photoelectron interactions: Scattering and dissociative attachment in halide – methyl halide cluster anions,1,2009-11-01,"I- and I-CH3I photodetachment over a range of wavelengths generally shows similar spectral features but strikingly different photoelectron angular distributions. The difference in angular distribution is due to intracluster electron scattering. Additionally, within narrow energy ranges, the cluster anion detachment yields new spectral transitions. These correspond to excitation of a vibrational Feshbach resonance and subsequent fragmentation, analogous to a dissociative electron attachment process. Fs time resolved studies of dissociative electron attachment are discussed.","Atomic and Molecular Physics, and Optics",Advanced Chemical Physics Studies,https://doi.org/10.1088/1742-6596/194/5/052034,True,https://doi.org/10.1088/1742-6596/194/5/052034,Journal of Physics: Conference Series,https://libproxy.wustl.edu/login?url=https://doi.org/10.1088/1742-6596/194/5/052034
44,Pushing resolution in frequency and time: general discussion,1,2019-01-01,"Stefan Willitsch opened the general discussion of the paper by Stephan Schlemmer: While I accept that He is the best tag to have, it is still a tag and it would be better to use methods which do not require tagging, e.g., laser-induced inhibition of cluster growth (LIICG). I was intrigued by a",Electrical and Electronic Engineering,Advanced Electrical Measurement Techniques,https://doi.org/10.1039/c9fd90033k,True,http://hdl.handle.net/2066/214873,Faraday Discussions,https://libproxy.wustl.edu/login?url=https://doi.org/10.1039/c9fd90033k
45,AUTODETACHMENT OF CH2CN_ VIEWED WITH HIGH RESOLUTION PHOTOELECTRON IMAGING,0,2019-06-19,No abstract available.,Electrical and Electronic Engineering,Gas Sensing Nanomaterials and Sensors,https://doi.org/10.15278/isms.2019.wf03,True,https://www.ideals.illinois.edu/bitstream/2142/104232/4/1379920.pdf,Proceedings of the 74th International Symposium on Molecular Spectroscopy,https://libproxy.wustl.edu/login?url=https://doi.org/10.15278/isms.2019.wf03
46,ELECTRON ANISOTROPY AS A SIGNATURE OF MODE SPECIFIC ISOMERIZATION IN VINYLIDENE [Research supported by the Australian Research Council Discovery Project Grant DP160102585],0,2016-06-20,No abstract available.,"Surfaces, Coatings and Films",Electron and X-Ray Spectroscopy Techniques,https://doi.org/10.15278/isms.2016.mf08,False,,Proceedings of the 71st International Symposium on Molecular Spectroscopy,https://libproxy.wustl.edu/login?url=https://doi.org/10.15278/isms.2016.mf08
47,VIBRATIONAL MODE-SPECIFIC AUTODETACHMENT AND COUPLING OF CH2CN-,0,2017-06-20,"The Cyanomethyl Anion, CH 2 CN-, and neutral radical have been studied extensively, with several findings of autodetachment about the totally symmetric transition, as well as high resolution experiments revealing symmetrically forbidden and weak vibrational features. We report photoelectron spectra using the Velocity-Mapped Imaging Technique in 1-2 cm -1 increments over a range of 13460 to 15384 cm -1 that has not been previously examined. These spectra include excitation of the ground state cyanomethyl anion into the direct detachment thresholds of previously reported vibrational modes for the neutral radical. Significant variations from Franck-Condon behavior were observed in the branching ratios for resolved vibrational features for excitation in the vicinity of the thresholds involving the 3 and 5 modes. These are consistent with autodetachment from rovibrational levels of a dipole bound state acting as a resonance in the detachment continuum. The autodetachment channels involve single changes in vibrational quantum number, consistent with the vibrational propensity rule but in some cases reveal relaxation to a different vibrational mode indicating coupling between the modes and/or a breakdown of the normal mode approximation.",Spectroscopy,Analytical Chemistry and Chromatography,https://doi.org/10.15278/isms.2017.tg10,True,https://ideals-main.s3.us-east-2.amazonaws.com/institutions/uiuc/storage/104704/2605.pdf,Proceedings of the 72nd International Symposium on Molecular Spectroscopy,https://libproxy.wustl.edu/login?url=https://doi.org/10.15278/isms.2017.tg10
48,Stabilized resonances are no less exciting,0,2021-07-22,No abstract available.,"Atomic and Molecular Physics, and Optics",Advanced Chemical Physics Studies,https://doi.org/10.1038/s41557-021-00755-6,False,,Nature Chemistry,https://libproxy.wustl.edu/login?url=https://doi.org/10.1038/s41557-021-00755-6
49,SUPEROXIDE PHOTOELECTRON ANGULAR DISTRIBUTIONS: VIBRATIONAL DEPENDENCE AS A CONSQUENCE OF BORN-OPPENHEIMER BEHAVIOR,0,2010-06-01,"Author Institution: Department of Chemistry, Washington University, One Brookings Dr., Campus Box 1134 Saint Louis, Missouri 63130, USA; Research School of Physical Sciences and Engineering, The Australian National University, Canberra, Australian Capital Territory 0200, Australia",Bioengineering,Analytical Chemistry and Sensors,,False,,65th International Symposium On Molecular Spectroscopy,https://libproxy.wustl.edu/login?url=None
50,Dipole Effects in the Photoelectron Angular Distributions of the Sulfur Monoxide Anion,0,2022-07-24,"Photoelectron angular distributions (PADs) in SO- photodetachment using linearly polarized 355 nm (3.49 eV), 532 nm (2.33 eV), and 611 nm (2.03 eV) light were investigated via photoelectron imaging spectroscopy. The measurements at 532 and 611 nm access the X-^3-Σ^- and a-^1-Delta electronic states of SO, whereas the measurements at 355 nm also access the b-^1Σ^+ state. In aggregate, the photoelectron anisotropy parameter values follow the general trend with respect to electron kinetic energy (eKE) expected for π* orbital photodetachment. The trend is similar to O2-, but the minimum of the SO- curve is shifted to smaller eKE. This shift is attributed mainly to the exit-channel interactions of the departing electron with the dipole moment of the neutral SO core, rather than the differing shapes of the SO- and O2- molecular orbitals. Of the several ab initio models considered, two approaches yield good agreement with the experiment: one representing the departing electron as a superposition of eigenfunctions of a point dipole-field Hamiltonian, and another describing the outgoing electron in terms of Coulomb waves originating from two separated charge centers, with a partial positive charge on the sulfur and an equal negative charge on the oxygen. These fundamentally related approaches support the conclusion that electron-dipole interactions in the exit channel of SO- photodetachment play an important role in shaping the PADs. While a similar conclusion was previously reached for photodetachment from sigma orbitals of CN- (Hart, Lyle, Spellberg, Krylov, Mabbs, J. Phys. Chem. Lett., 2021, 12, 10086-10092), the present work includes the first extension of the dipole-field model to detachment from π* orbitals.","Atomic and Molecular Physics, and Optics",Advanced Chemical Physics Studies,https://doi.org/10.26434/chemrxiv-2022-43sd6,True,https://chemrxiv.org/engage/api-gateway/chemrxiv/assets/orp/resource/item/62d983c7468933537563e0e1/original/dipole-effects-in-the-photoelectron-angular-distributions-of-the-sulfur-monoxide-anion.pdf,,https://libproxy.wustl.edu/login?url=https://doi.org/10.26434/chemrxiv-2022-43sd6
51,On the Role of the Electron-Dipole Interaction in Photodetachment Angular Distributions,0,2021-09-16,"The importance of including long-range electron-molecule interactions in treatments of photodetachment/photoionization is demonstrated. A combined experimental and computational study of CN− detachment is presented in which near threshold anisotropy parameters (β) are measured via photoelectron imaging. Calculated β values, based on an EOM-IP-CCSD/aug-cc-pVTZ Dyson orbital, are obtained using free particle and point dipole models. The results demonstrate the influence of the molecular dipole moment in the detachment process, and provide an explanation of the near threshold behavior of the overall photodetachment cross section in CN− detachment [J. Chem. Phys. 2020, 153, 184309]","Surfaces, Coatings and Films",Electron and X-Ray Spectroscopy Techniques,https://doi.org/10.33774/chemrxiv-2021-9h59t,True,https://doi.org/10.33774/chemrxiv-2021-9h59t,,https://libproxy.wustl.edu/login?url=https://doi.org/10.33774/chemrxiv-2021-9h59t
52,On the Role of the Electron-Dipole Interaction in Photodetachment Angular Distributions,0,2021-09-15,"The importance of including long-range electron-molecule interactions in treatments of photodetachment/photoionization is demonstrated. A combined experimental and computational study of CN− detachment is presented in which near threshold anisotropy parameters (β) are measured via photoelectron imaging. Calculated β values, based on an EOM-IP-CCSD/aug-cc-pVTZ Dyson orbital, are obtained using free particle and point dipole models. The results demonstrate the influence of the molecular dipole moment in the detachment process, and provide an explanation of the near threshold behavior of the overall photodetachment cross section in CN− detachment [J. Chem. Phys. 2020, 153, 184309]","Surfaces, Coatings and Films",Electron and X-Ray Spectroscopy Techniques,https://doi.org/10.26434/chemrxiv-2021-9h59t,True,https://chemrxiv.org/engage/api-gateway/chemrxiv/assets/orp/resource/item/613f7d5490051e3277f20d9a/original/on-the-role-of-the-electron-dipole-interaction-in-photodetachment-angular-distributions.pdf,,https://libproxy.wustl.edu/login?url=https://doi.org/10.26434/chemrxiv-2021-9h59t
53,Exotic systems: general discussion,0,2019-01-01,"Laura McCaslin opened the discussion of the paper by Anna Krylov: You use the molecule C22− for your reference wavefunction in studying the neutral C2 using EOM-DIP-CCSD. General good practice suggests that the reference wavefunction for EOM-CC methods is closed-shell and well-behaved, though C",Statistical and Nonlinear Physics,Advanced Thermodynamics and Statistical Mechanics,https://doi.org/10.1039/c9fd90035g,False,,Faraday Discussions,https://libproxy.wustl.edu/login?url=https://doi.org/10.1039/c9fd90035g
